params,PutOnPlateInScene25Carrot-v1-test,PutOnPlateInScene25Carrot-v1-train,PutOnPlateInScene25EEPose-v1-test,PutOnPlateInScene25Instruct-v1-test,PutOnPlateInScene25MultiCarrot-v1-test,PutOnPlateInScene25MultiCarrot-v1-train,PutOnPlateInScene25MultiPlate-v1-test,PutOnPlateInScene25MultiPlate-v1-train,PutOnPlateInScene25Plate-v1-test,PutOnPlateInScene25Position-v1-test,PutOnPlateInScene25PositionChangeTo-v1-test,PutOnPlateInScene25VisionImage-v1-test,PutOnPlateInScene25VisionTexture03-v1-test,PutOnPlateInScene25VisionTexture05-v1-test,PutOnPlateInScene25VisionWhole03-v1-test,PutOnPlateInScene25VisionWhole05-v1-test,avg_success_rate
rollback_alpha=0.0;trust_region_delta=0.0,0.890625,0.984375,0.953125,0.953125,0.75,0.84375,0.90625,0.9375,0.90625,0.921875,0.875,0.984375,0.9375,0.78125,0.90625,0.78125,0.7509765625
rollback_alpha=0.1;trust_region_delta=0.1,0.921875,0.984375,0.984375,0.953125,0.8125,0.90625,0.90625,0.953125,0.96875,0.984375,0.9375,0.9375,0.90625,0.78125,0.953125,0.828125,0.77734375
rollback_alpha=0.5;trust_region_delta=0.1,0.875,1.0,0.9375,0.984375,0.6875,0.8125,0.9375,0.953125,0.9375,0.921875,0.953125,0.96875,0.953125,0.828125,0.953125,0.75,0.763671875
rollback_alpha=0.5;trust_region_delta=0.5,0.921875,0.96875,0.953125,0.984375,0.8125,0.875,0.890625,0.90625,0.953125,0.953125,0.984375,0.984375,0.953125,0.828125,0.984375,0.90625,0.787109375
rollback_alpha=1.0;trust_region_delta=0.05,0.921875,0.984375,0.9375,0.9375,0.734375,0.875,0.8125,0.9375,0.953125,0.9375,0.921875,0.953125,0.9375,0.84375,0.890625,0.8125,0.7744140625
rollback_alpha=1.0;trust_region_delta=0.5,0.953125,0.96875,0.96875,0.953125,0.734375,0.828125,0.890625,0.921875,0.9375,0.953125,0.9375,1.0,0.890625,0.84375,0.953125,0.890625,0.744140625
rollback_alpha=2.0;trust_region_delta=0.1,0.90625,0.984375,0.9375,0.9375,0.734375,0.828125,0.90625,0.9375,0.953125,0.96875,0.953125,0.9375,0.953125,0.78125,0.953125,0.84375,0.755859375
